<TrustFrameworkPolicy xmlns:xsi="http://www.w3.org/2001/XMLSchema-instance" xmlns:xsd="http://www.w3.org/2001/XMLSchema" 
  xmlns="http://schemas.microsoft.com/online/cpim/schemas/2013/06" 
  PolicySchemaVersion="0.3.0.0" TenantId="yourtenant.onmicrosoft.com" PolicyId="B2C_1A_Extensions" 
  PublicPolicyUri="http://yourtenant.onmicrosoft.com/B2C_1A_Extensions" 
  TenantObjectId="b0b2c1e8-d376-471b-9a11-e74675c2ce9e">
  <BasePolicy>
    <TenantId>yourtenant.onmicrosoft.com</TenantId>
    <PolicyId>B2C_1A_Base</PolicyId>
  </BasePolicy>
  <BuildingBlocks>
    <ClaimsSchema>
      <ClaimType Id="signInNames.emailAddress">
        <DisplayName>Sign in name</DisplayName>
      </ClaimType>
      <ClaimType Id="jobTitle">
        <DisplayName>Title</DisplayName>
        <DataType>string</DataType>
        <DefaultPartnerClaimTypes>
          <Protocol Name="SAML2" PartnerClaimType="http://schemas.xmlsoap.org/ws/2005/05/identity/claims/jobTitle" />
        </DefaultPartnerClaimTypes>
        <UserHelpText>Title</UserHelpText>
        <UserInputType>TextBox</UserInputType>
      </ClaimType>
    </ClaimsSchema>
    <ContentDefinitions>
      <ContentDefinition Id="api.signuporsignin">
        <LoadUri>{SUSI}</LoadUri>
      </ContentDefinition>    
      <ContentDefinition Id="api.error">
        <LoadUri>https://servicepointqa.blob.core.windows.net/b2c/servicepoint_base_qa.html</LoadUri>
      </ContentDefinition>
      <ContentDefinition Id="api.phonefactor">
        <LoadUri>https://servicepointqa.blob.core.windows.net/b2c/servicepoint_base_qa.html</LoadUri>
      </ContentDefinition>
      <ContentDefinition Id="api.selfasserted">
        <LoadUri>https://servicepointqa.blob.core.windows.net/b2c/{Culture:RFC5646}/servicepoint_login_qa.html</LoadUri>
      </ContentDefinition>
      <ContentDefinition Id="api.localaccountpasswordreset">
        <LoadUri>https://servicepointqa.blob.core.windows.net/b2c/servicepoint_base_qa.html</LoadUri>
      </ContentDefinition>
    </ContentDefinitions>
  </BuildingBlocks>
  <ClaimsProviders>
    <!-- Extend AAD Claims Provider with a new Technical Profile -->
    <!-- This is a special purpose technical profile that reads the physical delivery address from AAD and
         sends it to the next step in the user journey as the strong auth phone number.  This is to allow
         admins to override the MFA phone number, something that isn't normally allowed by B2C. -->
    <ClaimsProvider>
      <DisplayName>Azure Active Directory</DisplayName>
      <TechnicalProfiles>
        <!-- Add this technical profile for reading the physical delivery office name and sending it as the strong auth phone number -->
        <TechnicalProfile Id="AAD-UserReadAltPhoneNumberUsingObjectId">
          <Metadata>
            <Item Key="Operation">Read</Item>
            <Item Key="RaiseErrorIfClaimsPrincipalDoesNotExist">true</Item>
          </Metadata>
          <IncludeInSso>false</IncludeInSso>
          <InputClaims>
            <InputClaim ClaimTypeReferenceId="objectId" Required="true" />
          </InputClaims>
          <OutputClaims>
            <OutputClaim ClaimTypeReferenceId="strongAuthenticationPhoneNumber" PartnerClaimType="physicalDeliveryOfficeName" />
          </OutputClaims>
          <IncludeTechnicalProfile ReferenceId="AAD-Common" />
        </TechnicalProfile>
        <!-- This profile overrides the base.  The only difference is to send an additional claim (jobTitle) -->
        <TechnicalProfile Id="AAD-UserReadUsingObjectId">
          <Metadata>
            <Item Key="Operation">Read</Item>
            <Item Key="RaiseErrorIfClaimsPrincipalDoesNotExist">true</Item>
          </Metadata>
          <IncludeInSso>false</IncludeInSso>
          <InputClaims>
            <InputClaim ClaimTypeReferenceId="objectId" Required="true" />
          </InputClaims>
          <OutputClaims>
            <!-- Required claims -->
            <OutputClaim ClaimTypeReferenceId="strongAuthenticationPhoneNumber" />
            <!-- Optional claims -->
            <OutputClaim ClaimTypeReferenceId="signInNames.emailAddress" />
            <OutputClaim ClaimTypeReferenceId="displayName" />
            <OutputClaim ClaimTypeReferenceId="otherMails" />
            <OutputClaim ClaimTypeReferenceId="givenName" />
            <OutputClaim ClaimTypeReferenceId="surname" />
            <OutputClaim ClaimTypeReferenceId="jobTitle" />
          </OutputClaims>
          <IncludeTechnicalProfile ReferenceId="AAD-Common" />
        </TechnicalProfile>
        <!-- This is a no op technical profile that effectively reads nothing from AAD.  It is used as a
             replacement for the validation profile in the local account signup policy to prevent actual
             sign ups. -->
        <TechnicalProfile Id="AAD-NoOp">
          <Metadata>
            <Item Key="Operation">Read</Item>
            <Item Key="RaiseErrorIfClaimsPrincipalDoesNotExist">false</Item>
          </Metadata>
          <IncludeInSso>false</IncludeInSso>
          <InputClaims>
            <InputClaim ClaimTypeReferenceId="email" PartnerClaimType="signInNames.emailAddress" Required="true" />
          </InputClaims>
          <OutputClaims />
          <IncludeTechnicalProfile ReferenceId="AAD-Common" />
        </TechnicalProfile>
      </TechnicalProfiles>
    </ClaimsProvider>
    <ClaimsProvider>
      <DisplayName>Facebook</DisplayName>
      <TechnicalProfiles>
        <TechnicalProfile Id="Facebook-OAUTH">
          <Metadata>
            <Item Key="client_id">facebook_clientid</Item>
            <Item Key="scope">email public_profile</Item>
            <Item Key="ClaimsEndpoint">https://graph.facebook.com/me?fields=id,first_name,last_name,name,email</Item>
          </Metadata>
        </TechnicalProfile>
      </TechnicalProfiles>
    </ClaimsProvider> 
    <ClaimsProvider>
      <DisplayName>Local Account SignIn</DisplayName>
      <TechnicalProfiles>
        <TechnicalProfile Id="login-NonInteractive">
          <Metadata>
            <Item Key="client_id">{IEFProxy}</Item>
            <Item Key="IdTokenAudience">{IEFApp}</Item>
            <Item Key="UserMessageIfClaimsPrincipalDoesNotExist">Login failed</Item>
            <Item Key="UserMessageIfInvalidPassword">Login failed</Item>
            <Item Key="UserMessageIfOldPasswordUsed">Login failed</Item>
          </Metadata>
          <InputClaims>
            <InputClaim ClaimTypeReferenceId="client_id" DefaultValue="{IEFProxy}" />
            <InputClaim ClaimTypeReferenceId="resource_id" PartnerClaimType="resource" DefaultValue="{IEFApp}" />
          </InputClaims>
        </TechnicalProfile>
      </TechnicalProfiles>
    </ClaimsProvider>
    <ClaimsProvider>
      <DisplayName>SAML Token Issuer</DisplayName>
      <TechnicalProfiles>
        <TechnicalProfile Id="Saml2AssertionIssuer">
          <DisplayName>Token Issuer</DisplayName>
          <Protocol Name="None" />
          <OutputTokenFormat>SAML2</OutputTokenFormat>
          <Metadata>
            <Item Key="IssuerUri">https://yourtenant.b2clogin.com/yourtenant.onmicrosoft.com/SAML_signin</Item>
            <Item Key="TokenLifeTimeInSeconds">600</Item>
          </Metadata>
          <CryptographicKeys>
            <Key Id="MetadataSigning" StorageReferenceId="{SAMLCert}"/>          
            <Key Id="SamlAssertionSigning" StorageReferenceId="{SAMLCert}" />
            <Key Id="SamlMessageSigning" StorageReferenceId="{SAMLCert}" />
            <!--<Key Id="SamlAssertionDecryption" StorageReferenceId="B2C_1A_SAMLCertificate" />-->
          </CryptographicKeys>
          <InputClaims />
          <OutputClaims />
        </TechnicalProfile>
      </TechnicalProfiles>
    </ClaimsProvider>
    <!-- Override the default local account signup technical profile.  We need to do two things: make sure it
         returns a signInName claim and prevent it from writing to AAD.  We do this by using the AAD-NoOp 
         technical profile which does a simple read of AAD rather than a write.  Note that this is being
         very cautious because there is very little chance this step will even execute, but if it does, we
         want to be protected. -->
    <ClaimsProvider>
      <DisplayName>Local Account</DisplayName>
      <TechnicalProfiles>
        <TechnicalProfile Id="LocalAccountSignUpWithLogonEmail">
          <OutputClaims>
            <OutputClaim ClaimTypeReferenceId="signInName" />
          </OutputClaims>
          <ValidationTechnicalProfiles>
            <ValidationTechnicalProfile ReferenceId="AAD-NoOp" />
          </ValidationTechnicalProfiles>
        </TechnicalProfile>
      </TechnicalProfiles>
    </ClaimsProvider>
  </ClaimsProviders>
  <UserJourneys>
    <UserJourney Id="FiservSignIn">
      <PreserveOriginalAssertion>false</PreserveOriginalAssertion>
      <OrchestrationSteps>
        <OrchestrationStep Order="1" Type="CombinedSignInAndSignUp" ContentDefinitionReferenceId="api.signuporsignin">
          <ClaimsProviderSelections>
            <!-- NOTE: This next line will likely need to be added back in, but pointing to AAD -->
            <!-- ClaimsProviderSelection TargetClaimsExchangeId="FacebookExchange" /-->
            <ClaimsProviderSelection ValidationClaimsExchangeId="LocalAccountSigninEmailExchange" />
          </ClaimsProviderSelections>
          <ClaimsExchanges>
            <ClaimsExchange Id="LocalAccountSigninEmailExchange" TechnicalProfileReferenceId="SelfAsserted-LocalAccountSignin-Email" />
          </ClaimsExchanges>
        </OrchestrationStep>
        <!-- Check if the user has selected to sign in using one of the social providers -->
        <OrchestrationStep Order="2" Type="ClaimsExchange">
          <Preconditions>
            <Precondition Type="ClaimsExist" ExecuteActionsIf="true">
              <Value>objectId</Value>
              <Action>SkipThisOrchestrationStep</Action>
            </Precondition>
          </Preconditions>
          <ClaimsExchanges>
            <!--<ClaimsExchange Id="FacebookExchange" TechnicalProfileReferenceId="Facebook-OAUTH" />-->
            <ClaimsExchange Id="SignUpWithLogonEmailExchange" TechnicalProfileReferenceId="LocalAccountSignUpWithLogonEmail" />
          </ClaimsExchanges>
        </OrchestrationStep>
        <!-- For social IDP authentication, attempt to find the user account in the directory. -->
        <!--<OrchestrationStep Order="3" Type="ClaimsExchange">
          <Preconditions>
            <Precondition Type="ClaimEquals" ExecuteActionsIf="true">
              <Value>authenticationSource</Value>
              <Value>localAccountAuthentication</Value>
              <Action>SkipThisOrchestrationStep</Action>
            </Precondition>
          </Preconditions>
          <ClaimsExchanges>
            <ClaimsExchange Id="AADUserReadUsingAlternativeSecurityId" TechnicalProfileReferenceId="AAD-UserReadUsingAlternativeSecurityId-NoError" />
          </ClaimsExchanges>
        </OrchestrationStep>-->
        <!-- This step reads any user attributes that we may not have received when authenticating using ESTS so they can be sent 
          in the token. -->
        <OrchestrationStep Order="3" Type="ClaimsExchange">
          <Preconditions>
            <Precondition Type="ClaimEquals" ExecuteActionsIf="true">
              <Value>authenticationSource</Value>
              <Value>socialIdpAuthentication</Value>
              <Action>SkipThisOrchestrationStep</Action>
            </Precondition>
          </Preconditions>
          <ClaimsExchanges>
            <ClaimsExchange Id="AADUserReadWithObjectId" TechnicalProfileReferenceId="AAD-UserReadUsingObjectId" />
          </ClaimsExchanges>
        </OrchestrationStep>
        <OrchestrationStep Order="4" Type="SendClaims" CpimIssuerTechnicalProfileReferenceId="Saml2AssertionIssuer" />
      </OrchestrationSteps>
      <ClientDefinition ReferenceId="DefaultWeb" />
    </UserJourney>
  </UserJourneys>
</TrustFrameworkPolicy>