<TrustFrameworkPolicy 
  xmlns:xsi="http://www.w3.org/2001/XMLSchema-instance" 
  xmlns:xsd="http://www.w3.org/2001/XMLSchema" 
  xmlns="http://schemas.microsoft.com/online/cpim/schemas/2013/06" 
  PolicySchemaVersion="0.3.0.0" 
  TenantId="yourtenant.onmicrosoft.com" 
  PolicyId="B2C_1A_signin" 
  PublicPolicyUri="http://yourtenant.onmicrosoft.com/B2C_1A_signin">
  <BasePolicy>
    <TenantId>yourtenant.onmicrosoft.com</TenantId>
    <PolicyId>B2C_1A_Extensions</PolicyId>
  </BasePolicy>
  <RelyingParty>
    <DefaultUserJourney ReferenceId="FiservSignIn" />
    <UserJourneyBehaviors>
      <SingleSignOn Scope="Application" />
      <SessionExpiryType>Absolute</SessionExpiryType>
      <SessionExpiryInSeconds>3600</SessionExpiryInSeconds>
      <ScriptExecution>Allow</ScriptExecution>      
    </UserJourneyBehaviors>
    <TechnicalProfile Id="PolicyProfile">
      <DisplayName>PolicyProfile</DisplayName>
      <Protocol Name="SAML2" />
      <Metadata>
        <!--Item Key="IdpInitiatedProfileEnabled">True</Item>
        <Item Key="IssuerUri">https://login.microsoftonline.com/te/yourtenant.onmicrosoft.com/B2C_1A_Base</Item-->
        <Item Key="PartnerEntity"><![CDATA[<?xml version="1.0" encoding="UTF-8" standalone="yes" ?>
<EntityDescriptor ID="id123456789" entityID="https://samltestapp2.azurewebsites.net" validUntil="2099-12-31T23:59:59Z" xmlns="urn:oasis:names:tc:SAML:2.0:metadata">
    <SPSSODescriptor AuthnRequestsSigned="false" WantAssertionsSigned="false" protocolSupportEnumeration="urn:oasis:names:tc:SAML:2.0:protocol">
        <SingleLogoutService Binding="urn:oasis:names:tc:SAML:2.0:bindings:HTTP-Redirect" Location="{SPUrl}/logout" ResponseLocation="{SPUrl}/logout" />

        <NameIDFormat>urn:oasis:names:tc:SAML:2.0:nameid-format:transient</NameIDFormat>

        <AssertionConsumerService index="0" isDefault="true" Binding="urn:oasis:names:tc:SAML:2.0:bindings:HTTP-POST" Location="{SPUrl}/AssertionConsumer" />
        
    </SPSSODescriptor>
    
    <IDPSSODescriptor WantAuthnRequestsSigned="false" WantAssertionsSigned="false" protocolSupportEnumeration="urn:oasis:names:tc:SAML:2.0:protocol">
        <SingleLogoutService Binding="urn:oasis:names:tc:SAML:2.0:bindings:HTTP-Redirect" Location="{SPUrl}/logout" ResponseLocation="{SPUrl}/logout" />

        <NameIDFormat>urn:oasis:names:tc:SAML:2.0:nameid-format:transient</NameIDFormat>
        <SingleSignOnService Binding="urn:oasis:names:tc:SAML:2.0:bindings:HTTP-Redirect" Location="{SPUrl}/IDP/AuthNRequest" />

    </IDPSSODescriptor>
</EntityDescriptor>
		      ]]></Item>
      </Metadata>
      <OutputClaims>
        <OutputClaim ClaimTypeReferenceId="signInName" />
      </OutputClaims>
      <SubjectNamingInfo ClaimType="signInName" />
    </TechnicalProfile>
  </RelyingParty>
</TrustFrameworkPolicy>
